{
  "ridge_heldout_r2": 0.200639545917511,
  "cca_fit_corrs": [
    1.0,
    1.0,
    1.0,
    0.9999999999999999,
    1.0,
    1.0,
    0.9999999999999999,
    1.0,
    0.9999999999999999,
    1.0,
    1.0,
    0.9999999999999999,
    0.9999999999999999,
    1.0,
    1.0,
    1.0,
    1.0,
    1.0,
    1.0,
    NaN
  ],
  "cca_heldout_corrs": [
    0.962919783586414,
    0.8408490761539091,
    0.9858226746984531,
    0.9699725111468466,
    0.9669592090249534,
    0.8807403979810028,
    0.872285091291217,
    0.8326894341357325,
    0.9178683399168787,
    0.5182831329248341,
    0.8255485441591189,
    0.8955589093259396,
    0.8538902299511945,
    0.8986576117607337,
    0.9206831064671045,
    0.8600237184252201,
    0.8719167327128733,
    0.6833057218792955,
    0.8303728367410392,
    NaN
  ],
  "cos_ridge_native": 0.31593459844589233,
  "cos_proc_native": 0.09151953458786011,
  "cos_ridge_proc": 0.30296969413757324,
  "feat_4617_ridge_norm": 0.05257308855652809,
  "feat_4617_proc_norm": 0.734770655632019
}