{
  "large": {
    "per_layer": {
      "6": {
        "-2.0": {
          "ppl": 24.979214088851695,
          "ppl_ratio": 1.3186138206729305,
          "collapsed": false
        },
        "1.0": {
          "ppl": 20.068721034310958,
          "ppl_ratio": 1.0593965376549799,
          "collapsed": false
        },
        "2.0": {
          "ppl": 22.75469178820725,
          "ppl_ratio": 1.2011847518643148,
          "collapsed": false
        },
        "4.0": {
          "ppl": 35.994465911189316,
          "ppl_ratio": 1.9000918143144343,
          "collapsed": false
        },
        "6.0": {
          "ppl": 65.41392205300285,
          "ppl_ratio": 3.4530990997834294,
          "collapsed": true
        },
        "8.0": {
          "ppl": 111.2938431065798,
          "ppl_ratio": 5.875028700027736,
          "collapsed": true
        },
        "10.0": {
          "ppl": 183.41886953709007,
          "ppl_ratio": 9.682396551129061,
          "collapsed": true
        }
      },
      "10": {
        "-2.0": {
          "ppl": 35.320856635603434,
          "ppl_ratio": 1.8645330294238622,
          "collapsed": false
        },
        "1.0": {
          "ppl": 20.97070250187986,
          "ppl_ratio": 1.1070107349990839,
          "collapsed": false
        },
        "2.0": {
          "ppl": 25.74717393689389,
          "ppl_ratio": 1.3591532253855179,
          "collapsed": false
        },
        "4.0": {
          "ppl": 42.970057266819566,
          "ppl_ratio": 2.2683224214177145,
          "collapsed": false
        },
        "6.0": {
          "ppl": 80.43702152212411,
          "ppl_ratio": 4.246145130729959,
          "collapsed": true
        },
        "8.0": {
          "ppl": 167.43567871889974,
          "ppl_ratio": 8.838668792667495,
          "collapsed": true
        },
        "10.0": {
          "ppl": 361.4093720978422,
          "ppl_ratio": 19.078238061205877,
          "collapsed": true
        }
      },
      "14": {
        "-2.0": {
          "ppl": 34.37893818082699,
          "ppl_ratio": 1.8148106207044692,
          "collapsed": false
        },
        "1.0": {
          "ppl": 21.313216302233165,
          "ppl_ratio": 1.1250915052471215,
          "collapsed": false
        },
        "2.0": {
          "ppl": 29.378884533375448,
          "ppl_ratio": 1.5508655734270114,
          "collapsed": false
        },
        "4.0": {
          "ppl": 72.83874769263129,
          "ppl_ratio": 3.845044085309228,
          "collapsed": true
        },
        "6.0": {
          "ppl": 208.42297919131,
          "ppl_ratio": 11.002324569936938,
          "collapsed": true
        },
        "8.0": {
          "ppl": 525.8761191172207,
          "ppl_ratio": 27.76018157189703,
          "collapsed": true
        },
        "10.0": {
          "ppl": 1051.3285458082287,
          "ppl_ratio": 55.49799708027696,
          "collapsed": true
        }
      },
      "18": {
        "-2.0": {
          "ppl": 28.442049915852635,
          "ppl_ratio": 1.50141153256102,
          "collapsed": false
        },
        "1.0": {
          "ppl": 19.792714043210896,
          "ppl_ratio": 1.044826558320469,
          "collapsed": false
        },
        "2.0": {
          "ppl": 23.428524307504976,
          "ppl_ratio": 1.2367553214428586,
          "collapsed": false
        },
        "4.0": {
          "ppl": 42.620111809702834,
          "ppl_ratio": 2.2498493455797615,
          "collapsed": false
        },
        "6.0": {
          "ppl": 87.35049832225378,
          "ppl_ratio": 4.6110968071568506,
          "collapsed": true
        },
        "8.0": {
          "ppl": 165.5733961014679,
          "ppl_ratio": 8.74036179275109,
          "collapsed": true
        },
        "10.0": {
          "ppl": 321.6609557342064,
          "ppl_ratio": 16.97998104717339,
          "collapsed": true
        }
      },
      "22": {
        "-2.0": {
          "ppl": 24.872398808059568,
          "ppl_ratio": 1.3129752083046407,
          "collapsed": false
        },
        "1.0": {
          "ppl": 19.675860489800762,
          "ppl_ratio": 1.0386580411696387,
          "collapsed": false
        },
        "2.0": {
          "ppl": 22.28103623811125,
          "ppl_ratio": 1.1761812128268807,
          "collapsed": false
        },
        "4.0": {
          "ppl": 34.56863663991662,
          "ppl_ratio": 1.8248245070111475,
          "collapsed": false
        },
        "6.0": {
          "ppl": 73.7092266307812,
          "ppl_ratio": 3.890995313172776,
          "collapsed": true
        },
        "8.0": {
          "ppl": 207.57468039117066,
          "ppl_ratio": 10.957544197025879,
          "collapsed": true
        },
        "10.0": {
          "ppl": 586.2645807363712,
          "ppl_ratio": 30.94799443970568,
          "collapsed": true
        }
      }
    },
    "vectors": {
      "6": {
        "norm": 0.8318933844566345,
        "shape": [
          2048
        ]
      },
      "10": {
        "norm": 1.1522914171218872,
        "shape": [
          2048
        ]
      },
      "14": {
        "norm": 2.2894887924194336,
        "shape": [
          2048
        ]
      },
      "18": {
        "norm": 4.384613990783691,
        "shape": [
          2048
        ]
      },
      "22": {
        "norm": 6.311285018920898,
        "shape": [
          2048
        ]
      }
    }
  },
  "small": {
    "per_layer": {
      "6": {
        "-2.0": {
          "ppl": 39.366810494562614,
          "ppl_ratio": 1.3555478040347695,
          "collapsed": false
        },
        "1.0": {
          "ppl": 30.39248997410329,
          "ppl_ratio": 1.0465280912009585,
          "collapsed": false
        },
        "2.0": {
          "ppl": 34.88256629037778,
          "ppl_ratio": 1.201138358428858,
          "collapsed": false
        },
        "4.0": {
          "ppl": 57.84168409732227,
          "ppl_ratio": 1.9917074021180288,
          "collapsed": false
        },
        "6.0": {
          "ppl": 116.42784986206372,
          "ppl_ratio": 4.009050116742607,
          "collapsed": true
        },
        "8.0": {
          "ppl": 217.16028867870043,
          "ppl_ratio": 7.477648017296902,
          "collapsed": true
        },
        "10.0": {
          "ppl": 375.8562844603775,
          "ppl_ratio": 12.942149862593107,
          "collapsed": true
        }
      },
      "10": {
        "-2.0": {
          "ppl": 60.99033379572798,
          "ppl_ratio": 2.1001272901081447,
          "collapsed": false
        },
        "1.0": {
          "ppl": 31.363344823560507,
          "ppl_ratio": 1.0799582864005417,
          "collapsed": false
        },
        "2.0": {
          "ppl": 38.04337475472317,
          "ppl_ratio": 1.3099769186015116,
          "collapsed": false
        },
        "4.0": {
          "ppl": 68.34431285048508,
          "ppl_ratio": 2.3533525332344722,
          "collapsed": false
        },
        "6.0": {
          "ppl": 142.59563718694992,
          "ppl_ratio": 4.910105757244591,
          "collapsed": true
        },
        "8.0": {
          "ppl": 298.03964791586986,
          "ppl_ratio": 10.262629488448274,
          "collapsed": true
        },
        "10.0": {
          "ppl": 555.5140142726765,
          "ppl_ratio": 19.128443292653213,
          "collapsed": true
        }
      },
      "14": {
        "-2.0": {
          "ppl": 57.102204294960416,
          "ppl_ratio": 1.9662443226958812,
          "collapsed": false
        },
        "1.0": {
          "ppl": 32.731853681503345,
          "ppl_ratio": 1.1270812093369267,
          "collapsed": false
        },
        "2.0": {
          "ppl": 44.54353679377131,
          "ppl_ratio": 1.533802020691479,
          "collapsed": false
        },
        "4.0": {
          "ppl": 108.02874677729329,
          "ppl_ratio": 3.7198373103356777,
          "collapsed": true
        },